{
  "baseline_config": {
    "learning_rate": 0.001,
    "gamma": 0.95,
    "epsilon_start": 1.0,
    "epsilon_end": 0.1,
    "epsilon_decay": 0.995,
    "buffer_size": 10000,
    "batch_size": 32,
    "target_update_freq": 100
  },
  "tuned_config": {
    "learning_rate": 0.001,
    "gamma": 0.9,
    "buffer_size": 10000,
    "batch_size": 32,
    "target_update_freq": 100
  },
  "baseline_performance": {
    "mean_reward": 306.1933333333333,
    "std_reward": 80.87104852101824,
    "mean_deliveries": 2.8266666666666667,
    "std_deliveries": 0.5753453069437711
  },
  "tuned_performance": {
    "mean_reward": 418.3533333333333,
    "std_reward": 75.23398227456053,
    "mean_deliveries": 3.3733333333333335,
    "std_deliveries": 0.3937286149395573
  },
  "improvements": {
    "reward_improvement_percent": 36.630451348821,
    "delivery_improvement_percent": 19.33962264150944
  },
  "test_results": {
    "best_configuration": {
      "learning_rate": 0.001,
      "gamma": 0.9,
      "buffer_size": 10000,
      "batch_size": 32,
      "target_update_freq": 100
    },
    "training_episodes": 300,
    "training_final_reward": 135.7,
    "unseen": {
      "avg_reward": -121.0,
      "std_reward": 222.22286111019272,
      "avg_deliveries": 0.8,
      "std_deliveries": 0.7483314773547882,
      "success_rate": 0.0
    },
    "altered": {
      "avg_reward": -71.3,
      "std_reward": 382.9458969619599,
      "avg_deliveries": 1.3,
      "std_deliveries": 1.791647286716892,
      "success_rate": 0.1
    },
    "noisy": {
      "avg_reward": -141.9,
      "std_reward": 129.71908109449436,
      "avg_deliveries": 0.0,
      "std_deliveries": 0.0,
      "success_rate": 0.0
    }
  }
}