{
  "best_configuration_name": "Config_3_LowGamma",
  "best_configuration": {
    "learning_rate": 0.001,
    "gamma": 0.9,
    "buffer_size": 10000,
    "batch_size": 32,
    "target_update_freq": 100
  },
  "performance": {
    "avg_reward": 418.3533333333333,
    "avg_deliveries": 3.3733333333333335,
    "std_reward": 75.23398227456053,
    "std_deliveries": 0.3937286149395573
  }
}