{
  "total_episodes": 100,
  "avg_reward": 1.6640000000000035,
  "best_reward": 156.84999999999957,
  "final_epsilon": 0.01,
  "episode_rewards": [
    6.200000000000008,
    104.90000000000005,
    -1.3500000000000005,
    -0.30000000000000004,
    -0.4,
    -0.05,
    6.999999999999999,
    -1.2,
    -0.2,
    6.75,
    -0.15000000000000002,
    -0.45000000000000007,
    156.84999999999957,
    -0.25,
    -0.6,
    5.750000000000011,
    -0.5,
    -0.55,
    5.75,
    -0.44999999999999996,
    153.55000000000007,
    87.9,
    -27.550000000000136,
    -0.44999999999999996,
    -4.250000000000002,
    -1.35,
    -1.0999999999999999,
    -1.1000000000000003,
    -30.65000000000017,
    -4.150000000000001,
    -4.8,
    -7.549999999999989,
    -0.3,
    -11.249999999999968,
    -7.999999999999988,
    -3.2000000000000015,
    -5.649999999999997,
    -13.850000000000037,
    -4.799999999999999,
    -6.099999999999994,
    -2.250000000000001,
    -3.6500000000000017,
    -1.15,
    -17.99999999999999,
    -25.300000000000104,
    -12.099999999999966,
    8.200000000000001,
    -8.199999999999987,
    -0.1,
    -23.15000000000011,
    -45.45000000000037,
    0.0,
    -9.249999999999993,
    -10.399999999999961,
    8.899999999999999,
    -10.399999999999979,
    1.4500000000000162,
    -2.700000000000001,
    -8.999999999999984,
    -2.6499999999999986,
    -0.30000000000000004,
    16.899999999999956,
    -0.7999999999999999,
    -25.700000000000166,
    -0.2,
    -0.6,
    -21.000000000000032,
    -1.1,
    67.50000000000178,
    -1.9500000000000008,
    -1.6000000000000003,
    0.0,
    1.7499999999999898,
    -1.7500000000000004,
    -2.0500000000000007,
    -4.6,
    -0.30000000000000004,
    -31.900000000000194,
    22.700000000000003,
    -0.25,
    2.0000000000000204,
    -5.4499999999999975,
    -0.7,
    -19.150000000000116,
    -12.149999999999974,
    -0.4,
    -2.3000000000000007,
    -18.749999999999996,
    -0.1,
    -0.4,
    -4.000000000000002,
    -3.1500000000000012,
    -1.35,
    -0.1,
    -3.650000000000002,
    -8.499999999999979,
    9.250000000000002,
    -3.850000000000001,
    -0.1,
    -2.400000000000001
  ],
  "episode_losses": [
    0.821198195016208,
    0.20602956876778625,
    0.15271222622691857,
    0.10852724759056673,
    0.06921323475851386,
    0.039986975776996586,
    0.07153605511059231,
    0.07996061552211177,
    0.04067389686189199,
    0.040927200129104675,
    0.03353628880531324,
    0.04326686031140162,
    0.036758929772699046,
    0.01945481361275961,
    0.04490297248888964,
    0.04133611545203894,
    0.03674779462613151,
    0.039778812451135306,
    0.06238481094731833,
    0.05416831112154978,
    0.0597414868898195,
    0.04742925199378078,
    0.08702326743566664,
    0.0706843984159932,
    0.07266695454891306,
    0.10140752079777303,
    0.041326542330964,
    0.06448826822533738,
    0.07179724171446288,
    0.06349796576472,
    0.062032301511469996,
    0.06771375329571311,
    0.0660786293541314,
    0.03555609096573607,
    0.056296953201032014,
    0.06752151644381228,
    0.036641986830800305,
    0.05622516109852586,
    0.053896051519317555,
    0.09844984267750988,
    0.06952180022723041,
    0.06741239506716375,
    0.09586820792919025,
    0.08027519493058208,
    0.08665479575877544,
    0.033219046269194225,
    0.03143405315413838,
    0.04248541816422949,
    0.12498347249033395,
    0.16590351418231147,
    0.13447767633048352,
    0.07463379749911837,
    0.06623135045269737,
    0.043719232870673294,
    0.08034556519426406,
    0.08665777805203106,
    0.12392287421075161,
    0.052397410423029214,
    0.12351793319173157,
    0.06658449532883241,
    0.06539198044151999,
    0.12832263314991724,
    0.12669765682739673,
    0.07856187977595255,
    0.16067778557934798,
    0.029723916282877325,
    0.14329705622675828,
    0.07560051478410605,
    0.10396211049973499,
    0.06348537738260347,
    0.1415728666507639,
    0.14143199319939595,
    0.0990226549457293,
    0.18327678098599426,
    0.08658230926119723,
    0.07185916991461999,
    0.09750328084349166,
    0.11360145596071379,
    0.038146766233257946,
    0.08421976124146022,
    0.12374728551902808,
    0.12655843484727666,
    0.10485795826790854,
    0.18323415434529305,
    0.13457353889080695,
    0.13866736499406399,
    0.17474823790509253,
    0.18849872581707314,
    0.06424863461777568,
    0.20941029145312495,
    0.14935225192457438,
    0.13731980235455557,
    0.1323985718645854,
    0.1464936835828703,
    0.21148080601892433,
    0.16292737686121836,
    0.19636677878606132,
    0.21596090757171624,
    0.32136868665600193,
    0.24548039945121855
  ],
  "exploration_rates": [
    0.09528507271768329,
    0.01,
    0.01,
    0.01,
    0.01,
    0.01,
    0.01,
    0.01,
    0.01,
    0.01,
    0.01,
    0.01,
    0.01,
    0.01,
    0.01,
    0.01,
    0.01,
    0.01,
    0.01,
    0.01,
    0.01,
    0.01,
    0.01,
    0.01,
    0.01,
    0.01,
    0.01,
    0.01,
    0.01,
    0.01,
    0.01,
    0.01,
    0.01,
    0.01,
    0.01,
    0.01,
    0.01,
    0.01,
    0.01,
    0.01,
    0.01,
    0.01,
    0.01,
    0.01,
    0.01,
    0.01,
    0.01,
    0.01,
    0.01,
    0.01,
    0.01,
    0.01,
    0.01,
    0.01,
    0.01,
    0.01,
    0.01,
    0.01,
    0.01,
    0.01,
    0.01,
    0.01,
    0.01,
    0.01,
    0.01,
    0.01,
    0.01,
    0.01,
    0.01,
    0.01,
    0.01,
    0.01,
    0.01,
    0.01,
    0.01,
    0.01,
    0.01,
    0.01,
    0.01,
    0.01,
    0.01,
    0.01,
    0.01,
    0.01,
    0.01,
    0.01,
    0.01,
    0.01,
    0.01,
    0.01,
    0.01,
    0.01,
    0.01,
    0.01,
    0.01,
    0.01,
    0.01,
    0.01,
    0.01,
    0.01
  ]
}