{
  "episodes": [
    1,
    2,
    3,
    4,
    5,
    6,
    7,
    8,
    9,
    10,
    11,
    12,
    13,
    14,
    15,
    16,
    17,
    18,
    19,
    20,
    21,
    22,
    23,
    24,
    25,
    26,
    27,
    28,
    29,
    30,
    31,
    32,
    33,
    34,
    35,
    36,
    37,
    38,
    39,
    40,
    41,
    42,
    43,
    44,
    45,
    46,
    47,
    48,
    49,
    50,
    51,
    52,
    53,
    54,
    55,
    56,
    57,
    58,
    59,
    60,
    61,
    62,
    63,
    64,
    65,
    66,
    67,
    68,
    69,
    70,
    71,
    72,
    73,
    74,
    75,
    76,
    77,
    78,
    79,
    80,
    81,
    82,
    83,
    84,
    85,
    86,
    87,
    88,
    89,
    90,
    91,
    92,
    93,
    94,
    95,
    96,
    97,
    98,
    99,
    100,
    101,
    102,
    103,
    104,
    105,
    106,
    107,
    108,
    109,
    110,
    111,
    112,
    113,
    114,
    115,
    116,
    117,
    118,
    119,
    120,
    121,
    122,
    123,
    124,
    125,
    126,
    127,
    128,
    129,
    130,
    131,
    132,
    133,
    134,
    135,
    136,
    137,
    138,
    139,
    140,
    141,
    142,
    143,
    144,
    145,
    146,
    147,
    148,
    149,
    150,
    151,
    152,
    153,
    154,
    155,
    156,
    157,
    158,
    159,
    160,
    161,
    162,
    163,
    164,
    165,
    166,
    167,
    168,
    169,
    170,
    171,
    172,
    173,
    174,
    175,
    176,
    177,
    178,
    179,
    180,
    181,
    182,
    183,
    184,
    185,
    186,
    187,
    188,
    189,
    190,
    191,
    192,
    193,
    194,
    195,
    196,
    197,
    198,
    199,
    200
  ],
  "rewards": [
    -40.623000000000225,
    -7.075499999999983,
    -27.080500000000164,
    -16.610249999999958,
    -42.58300000000019,
    -30.070500000000195,
    6.399500000000031,
    -10.83649999999985,
    2.15974999999998,
    -18.570500000000017,
    -32.870750000000044,
    -19.870250000000066,
    -2.1174999999999975,
    -43.85375000000008,
    5.12475,
    -37.34600000000006,
    0.8889999999999403,
    -7.343250000000019,
    -15.141249999999927,
    10.894749999999979,
    -8.633750000000015,
    -45.59750000000022,
    -10.881999999999936,
    -18.853750000000048,
    -27.84225000000021,
    0.12499999999999123,
    -11.630499999999936,
    -16.357000000000117,
    -44.846000000000274,
    -13.851249999999931,
    -8.853500000000002,
    -14.649999999999936,
    -9.407500000000015,
    -17.617749999999997,
    -24.591250000000127,
    -23.39375000000008,
    -12.41524999999999,
    -38.62600000000002,
    -18.67525,
    -6.656000000000031,
    -8.853250000000028,
    -11.674750000000007,
    -22.643000000000228,
    -27.37375000000008,
    -11.13999999999999,
    -30.145750000000024,
    -2.675250000000004,
    -22.679999999999957,
    -36.88424999999996,
    -9.174250000000038,
    -35.11600000000009,
    -29.665000000000042,
    -27.673249999999985,
    -27.95099999999998,
    -16.878249999999962,
    -34.44625000000002,
    -29.12525000000023,
    -29.604500000000105,
    -29.674000000000085,
    -52.132250000000155,
    -31.116000000000177,
    -44.12450000000006,
    -5.426750000000013,
    -26.633250000000082,
    11.37450000000001,
    -29.68200000000009,
    -15.732750000000035,
    -36.19400000000007,
    -13.696499999999967,
    -13.917499999999988,
    -18.684250000000063,
    55.322999999999965,
    -1.6767499999999937,
    -11.911499999999977,
    -45.13875000000009,
    -13.678000000000013,
    -6.715499999999967,
    -34.16175,
    -42.88400000000001,
    -15.88650000000014,
    -40.65674999999999,
    -16.674250000000015,
    -40.67349999999996,
    -23.12350000000003,
    -22.92775000000002,
    55.56000000000001,
    20.33074999999986,
    -25.413750000000036,
    -40.672000000000075,
    -24.682250000000074,
    -79.89224999999983,
    -79.63199999999934,
    -23.67349999999999,
    -14.644499999999981,
    -13.427249999999967,
    -6.1699999999999955,
    -24.91600000000006,
    -2.971250000000024,
    -12.93849999999997,
    -17.679499999999955,
    -14.429749999999974,
    -25.408999999999914,
    -7.51900000000001,
    -57.90000000000008,
    -8.640500000000014,
    -33.41624999999992,
    -18.645500000000023,
    -6.997750000000048,
    -36.917499999999926,
    11.269999999999957,
    -28.712750000000078,
    -34.44724999999999,
    -16.961500000000004,
    -18.89925000000013,
    -6.92124999999999,
    -42.92000000000005,
    -23.177500000000013,
    -33.671749999999996,
    -14.187249999999986,
    23.874249999999922,
    -28.675500000000042,
    -28.399000000000044,
    -9.639999999999983,
    -19.702749999999977,
    -14.237000000000023,
    -17.650249999999943,
    -8.663000000000032,
    -28.65424999999999,
    -42.67275,
    -29.21624999999998,
    -9.454749999999983,
    -3.3919999999999813,
    -17.38099999999994,
    -24.44325000000003,
    -4.663000000000014,
    -10.489250000000064,
    -28.164500000000125,
    -18.91150000000004,
    -17.190249999999995,
    -17.757000000000023,
    -25.20700000000002,
    -15.65399999999998,
    -20.43999999999993,
    -72.67149999999992,
    0.3325000000000097,
    -23.395500000000062,
    -46.62475000000014,
    -14.92949999999999,
    22.374999999999872,
    -24.90875000000001,
    -25.59899999999999,
    -22.379250000000123,
    -29.92299999999999,
    -5.236000000000002,
    -11.682500000000001,
    -47.63825000000006,
    -37.104750000000124,
    -24.396250000000155,
    -14.48000000000003,
    11.804999999999993,
    -19.667749999999952,
    -48.659499999999966,
    -37.208499999999894,
    -1.485250000000015,
    -6.709749999999995,
    2.5744999999999503,
    -17.399499999999993,
    -13.625249999999992,
    -19.137000000000054,
    -19.69675000000013,
    25.815249999999978,
    -37.197999999999716,
    -44.16675000000001,
    -9.184750000000037,
    -15.931499999999946,
    15.344749999999983,
    -33.66150000000004,
    -56.42600000000004,
    -36.37300000000011,
    -17.176750000000023,
    -39.41625000000003,
    -15.220750000000027,
    -16.743750000000027,
    -21.966249999999963,
    -21.179750000000077,
    25.343750000000007,
    -20.418999999999954,
    -30.135750000000172,
    -13.196500000000015,
    -45.9107499999999,
    -16.685000000000002,
    -55.89525000000013,
    -1.4377499999999908,
    -19.966000000000097,
    -16.916499999999992,
    -53.154749999999915,
    -40.24099999999971,
    -2.96475000000001,
    -11.996000000000024,
    0.7652499999999933
  ],