{
  "total_episodes": 300,
  "avg_reward": 6.891999999999978,
  "best_reward": 442.0999999999999,
  "final_epsilon": 0.01,
  "episode_rewards": [
    6.30000000000002,
    8.800000000000002,
    -0.6,
    -0.1,
    -0.7000000000000001,
    19.9,
    0.0,
    -0.2,
    -0.25,
    0.0,
    -0.4,
    -0.6,
    13.200000000000003,
    -0.05,
    9.799999999999999,
    -0.4,
    -0.45,
    -0.25,
    0.0,
    -0.39999999999999997,
    -0.2,
    -0.1,
    -0.2,
    -0.7,
    -0.25,
    -0.2,
    -0.8999999999999999,
    -0.2,
    -0.1,
    -0.2,
    9.700000000000001,
    -0.44999999999999996,
    -0.5499999999999999,
    -0.8999999999999999,
    -0.3,
    -0.25,
    -0.2,
    -0.1,
    6.700000000000001,
    -0.3,
    17.6,
    -0.30000000000000004,
    -0.2,
    -0.5,
    -0.1,
    -2.2500000000000004,
    -0.4,
    361.15,
    -4.049999999999994,
    -5.099999999999998,
    -0.25,
    -1.6500000000000006,
    -0.1,
    -6.849999999999992,
    -0.30000000000000004,
    -0.3,
    -0.5,
    9.8,
    -0.6,
    -0.2,
    -0.6,
    -0.4,
    -9.099999999999985,
    -0.1,
    -0.30000000000000004,
    -3.399999999999997,
    9.400000000000002,
    -0.05,
    -0.30000000000000004,
    -0.25,
    9.65,
    -0.2,
    9.75,
    -10.850000000000007,
    9.1,
    -18.099999999999987,
    168.5,
    -0.4,
    -0.7,
    -0.30000000000000004,
    -0.6,
    -0.05,
    -0.44999999999999996,
    -6.249999999999994,
    -0.2,
    -0.30000000000000004,
    -31.300000000000175,
    -1.3500000000000003,
    -0.15000000000000002,
    -30.250000000000163,
    -1.0000000000000002,
    -28.350000000000158,
    -0.2,
    -0.25,
    -0.39999999999999997,
    -41.650000000000325,
    -0.2,
    -2.400000000000001,
    -4.699999999999996,
    -2.0000000000000004,
    -1.4000000000000001,
    -22.05000000000005,
    -4.449999999999999,
    -12.899999999999975,
    -20.45000000000003,
    -21.60000000000005,
    -17.85000000000001,
    -16.249999999999986,
    -10.149999999999983,
    -9.999999999999995,
    -8.249999999999986,
    -30.100000000000183,
    -17.89999999999999,
    -6.899999999999987,
    -14.050000000000022,
    -20.150000000000045,
    -32.800000000000225,
    -13.249999999999973,
    -13.099999999999987,
    -2.6,
    -21.00000000000003,
    -6.39999999999999,
    -9.249999999999966,
    -6.99999999999999,
    -18.450000000000003,
    15.799999999999972,
    -17.39999999999997,
    -4.999999999999993,
    -10.94999999999998,
    -20.15000000000006,
    -6.449999999999991,
    -19.650000000000027,
    -7.249999999999987,
    -11.59999999999999,
    -27.950000000000127,
    -8.499999999999993,
    -12.95000000000001,
    -4.599999999999995,
    -39.550000000000246,
    -49.80000000000044,
    -2.749999999999999,
    -4.599999999999997,
    -12.40000000000001,
    -1.9500000000000006,
    65.90000000000003,
    -2.950000000000001,
    -11.049999999999972,
    -35.900000000000254,
    -1.6500000000000008,
    4.000000000000012,
    -48.900000000000425,
    3.2500000000000204,
    -8.349999999999987,
    -1.9500000000000006,
    -4.749999999999998,
    -1.9500000000000006,
    -16.849999999999973,
    7.150000000000003,
    0.5500000000000103,
    1.150000000000013,
    -2.550000000000001,
    -23.350000000000065,
    -5.849999999999983,
    -7.549999999999982,
    -18.750000000000014,
    442.0999999999999,
    3.000000000000017,
    -17.400000000000027,
    -14.449999999999982,
    -8.499999999999995,
    140.8,
    -0.8500000000000002,
    -0.8999999999999999,
    -20.000000000000014,
    -0.35,
    -22.05000000000006,
    -10.550000000000013,
    18.349999999999994,
    -2.5999999999999996,
    -2.8500000000000014,
    -1.6000000000000008,
    -0.9,
    -0.15000000000000002,
    -5.699999999999991,
    -26.35000000000024,
    -25.650000000000198,
    -0.55,
    -0.15000000000000002,
    -15.649999999999961,
    -0.9499999999999998,
    -15.749999999999963,
    -28.950000000000145,
    -1.4000000000000004,
    -5.949999999999991,
    -14.799999999999963,
    2.5000000000000093,
    5.800000000000008,
    -21.45000000000009,
    -0.8500000000000002,
    -12.499999999999979,
    18.39999999999998,
    -5.999999999999995,
    16.14999999999996,
    -3.100000000000001,
    -22.25000000000005,
    -2.7500000000000013,
    -44.45000000000036,
    -12.599999999999975,
    -36.450000000000244,
    -1.900000000000001,
    -0.1,
    -1.1500000000000001,
    -1.7500000000000009,
    -0.15000000000000002,
    -14.299999999999965,
    -1.6500000000000004,
    -23.350000000000062,
    -7.149999999999989,
    -41.15000000000022,
    9.6,
    -4.350000000000001,
    -3.7499999999999982,
    -7.349999999999983,
    -0.75,
    -30.950000000000195,
    6.400000000000003,
    -14.599999999999975,
    -5.4499999999999975,
    -0.35000000000000003,
    -5.89999999999999,
    -0.30000000000000004,
    -9.849999999999982,
    -36.15000000000018,
    -6.8999999999999915,
    -1.7500000000000004,
    -8.749999999999996,
    -5.09999999999999,
    -42.70000000000034,
    -48.40000000000042,
    -2.6499999999999986,
    -2.8000000000000003,
    -1.2,
    -6.399999999999993,
    -3.250000000000002,
    209.7,
    -1.950000000000001,
    -3.5999999999999948,
    54.45000000000008,
    -5.049999999999996,
    210.25,
    -7.149999999999991,
    -0.1,
    -0.7999999999999999,
    -1.2000000000000006,
    -0.2,
    351.95,
    -0.30000000000000004,
    9.15,
    -19.50000000000001,
    -3.099999999999999,
    6.70000000000001,
    -0.35000000000000003,
    8.25,
    -0.7,
    -2.4500000000000015,
    -11.899999999999974,
    -6.149999999999995,
    -1.7000000000000008,
    -1.9500000000000006,
    -1.4500000000000008,
    -0.6499999999999999,
    -4.049999999999994,
    -0.1,
    -0.5,
    -0.7,
    -1.2500000000000004,
    -5.649999999999996,
    -0.2,
    -0.2,
    210.45,
    -40.90000000000031,
    9.199999999999994,
    -0.2,
    -14.649999999999993,
    -0.5,
    -22.95000000000006,
    -7.499999999999989,
    -0.25,
    -1.0,
    -4.2,
    -0.7000000000000001,
    8.95,
    -8.299999999999983,
    -3.300000000000002,
    -1.05,
    9.700000000000001,
    -0.6,
    -0.45,
    -1.5000000000000007,
    210.75
  ],